title,content,source,url,category,media_links,priority,ai_reasoning
"Breaking: AI Revolutionizes Healthcare","A groundbreaking AI system has successfully diagnosed rare diseases with 99% accuracy in clinical trials. The system analyzed thousands of medical images and patient records to identify patterns invisible to human doctors.","TechNews","https://example.com/ai-healthcare","technology","https://images.unsplash.com/photo-1576091160399-112ba8d25d1d?w=1200,https://images.unsplash.com/photo-1559757148-5c350d0d3c56?w=1200",0.9,"High impact medical breakthrough"
"Climate Summit Reaches Historic Deal","World leaders agree on unprecedented $1 trillion fund for renewable energy transition. The agreement includes binding commitments from 195 nations to reduce emissions by 50% by 2030.","GlobalNews","https://example.com/climate-summit","environment","https://images.unsplash.com/photo-1569163139394-de4798aa62b6?w=1200,https://images.unsplash.com/photo-1611273426858-450d8e3c9fce?w=1200",0.85,"Major global policy development"
"Tech Giant Unveils Revolutionary Smartphone","New device features holographic display and 1-week battery life. Pre-orders exceed 10 million in first hour.","TechDaily","https://example.com/new-phone","technology","https://images.unsplash.com/photo-1511707171634-5f897ff02aa9?w=1200,https://images.unsplash.com/photo-1565849904461-04a58ad377e0?w=1200",0.75,"Consumer tech breakthrough"
"Olympic Records Shattered in Swimming Finals","Three world records broken in single night of competition. Athletes credit new training techniques using VR technology.","SportsWorld","https://example.com/olympics","sports","https://images.unsplash.com/photo-1530549387789-4c1017266635?w=1200,https://images.unsplash.com/photo-1519315901367-f34ff9154487?w=1200",0.8,"Historic sporting achievement"
"Breakthrough in Quantum Computing","Scientists achieve 1000-qubit processor milestone. This advancement could revolutionize drug discovery and cryptography.","ScienceToday","https://example.com/quantum","science","https://images.unsplash.com/photo-1635070041078-e363dbe005cb?w=1200,https://images.unsplash.com/photo-1518770660439-4636190af475?w=1200",0.95,"Major scientific breakthrough"
"Global Food Crisis Warning Issued","UN reports severe drought threatens food supply for 500 million people. Emergency aid programs being mobilized.","WorldNews","https://example.com/food-crisis","world","https://images.unsplash.com/photo-1586201375761-83865001e31c?w=1200,https://images.unsplash.com/photo-1574482620811-1aa16ffe3c82?w=1200",0.9,"Humanitarian crisis alert"
"Stock Market Hits All-Time High","Major indices surge on positive economic data. Tech stocks lead gains with 15% increase this quarter.","FinanceNews","https://example.com/markets","business","https://images.unsplash.com/photo-1611974789855-9c2a0a7236a3?w=1200,https://images.unsplash.com/photo-1590283603385-17ffb3a7f29f?w=1200",0.7,"Economic milestone"
"Archaeological Discovery Rewrites History","3000-year-old temple found with unknown writing system. Discovery challenges current understanding of ancient civilizations.","HistoryToday","https://example.com/archaeology","culture","https://images.unsplash.com/photo-1578662996442-48f60103fc31?w=1200,https://images.unsplash.com/photo-1609205807107-e8ec6bbcf0f?w=1200",0.85,"Major historical discovery"
"Space Mission Discovers Signs of Life","Mars rover detects organic compounds in ancient lake bed. NASA calls findings 'most significant yet' in search for life.","SpaceNews","https://example.com/mars-life","science","https://images.unsplash.com/photo-1446776653964-20c1d3a81b06?w=1200,https://images.unsplash.com/photo-1614728894747-a83421182f8?w=1200",0.95,"Potential extraterrestrial life"
"Electric Vehicle Sales Surpass Gas Cars","Historic milestone as EVs outsell traditional vehicles for first time. Battery technology improvements drive adoption.","AutoNews","https://example.com/ev-sales","technology","https://images.unsplash.com/photo-1593941707882-a5baff9c9ae?w=1200,https://images.unsplash.com/photo-1560958089-b8a1929cea89?w=1200",0.75,"Transportation revolution"
"Cybersecurity Breach Affects Millions","Major data leak exposes personal information of 100 million users. Companies scramble to improve security measures.","TechSecurity","https://example.com/data-breach","technology","https://images.unsplash.com/photo-1563013712-3dad6f303622?w=1200,https://images.unsplash.com/photo-1550751827-4bd374c3f58b?w=1200",0.8,"Major security incident"
"New Cancer Treatment Shows Promise","Immunotherapy breakthrough achieves 90% remission rate in trials. FDA fast-tracks approval process.","MedicalNews","https://example.com/cancer-cure","health","https://images.unsplash.com/photo-1559757148-5c350d0d3c56?w=1200,https://images.unsplash.com/photo-1579684385127-1ef15d508118?w=1200",0.95,"Medical breakthrough"
"Art Auction Sets New Record","Painting sells for $500 million, highest price ever paid. Anonymous buyer acquires masterpiece via cryptocurrency.","ArtWorld","https://example.com/art-record","culture","https://images.unsplash.com/photo-1549289524-06cf8837129?w=1200,https://images.unsplash.com/photo-1578321272176-b7bbc0679853?w=1200",0.65,"Cultural milestone"
"Renewable Energy Milestone Reached","Solar and wind power exceed 50% of global electricity production. Coal use drops to historic lows.","EnergyNews","https://example.com/renewable","environment","https://images.unsplash.com/photo-1509391366360-2e959784a276?w=1200,https://images.unsplash.com/photo-1466611653911-95081537e5b7?w=1200",0.85,"Environmental achievement"
"Education Revolution Through VR","Virtual reality transforms classroom learning worldwide. Students report 300% improvement in retention rates.","EdTech","https://example.com/vr-education","education","https://images.unsplash.com/photo-1592478411213-6153e4ebc07d?w=1200,https://images.unsplash.com/photo-1535223289827-42f1e9919769?w=1200",0.7,"Educational innovation"